Workbook

Sheet Summary
C2: Date: October 09, 2025
C3: Channel | D3: Solved | E3: In-Progress
C4: Email Tasks | D4: =COUNTIF('Email Tasks'!F:F,"Solved") -> 5 | E4: =COUNTIF('Email Tasks'!F:F,"In-Progress") -> 6
C5: SFTC & NS TechOps | D5: =COUNTIF('Nagad STC & NS TechOps'!D3:D100,"Solved") -> 15 | E5: =COUNTIF('Nagad STC & NS TechOps'!D3:D15,"In-Progress") -> 0
C6: Service Desk Tickets | D6: =COUNTIF('Service Desk New Tickets'!D1:D27,"Major") -> 2 | E6: 0
C7: Total | D7: =SUM(D4:D6) -> 22 | E7: =SUM(E4:E6) -> 6

Sheet Email Tasks
A1: SL | B1: Mail Subject | C1: Task Raised Date | D1: Task Solved Date | E1: Task Raised By | F1: Status | G1: Solved Within a Day
A2: 1 | B2: Insurance Cashback Campaign | C2: 45977 | E2: Commercial | F2: =IF(ISBLANK(D2),"In-Progress","Solved") -> In-Progress | G2: =IF(C2=D2,"Yes","No") -> No
A3: 2 | B3: Request for Peak Usage Data of DMS Portal | C3: ='Email Tasks'!C2 -> 45977 | E3: Service Delivery | F3: =IF(ISBLANK(D3),"In-Progress","Solved") -> In-Progress | G3: =IF(C3=D3,"Yes","No") -> No
A4: 3 | B4: Cashback with Lanka Bangla (Bill Payment) | C4: ='Email Tasks'!C2 -> 45977 | E4: Commercial | F4: =IF(ISBLANK(D4),"In-Progress","Solved") -> In-Progress | G4: =IF(C4=D4,"Yes","No") -> No
A5: 4 | B5: Please share the required information (mamla reference attached) | C5: ='Email Tasks'!C2 -> 45977 | E5: Legal | F5: =IF(ISBLANK(D5),"In-Progress","Solved") -> In-Progress | G5: =IF(C5=D5,"Yes","No") -> No
A6: 5 | B6: Reset Portal Credential. | C6: ='Email Tasks'!C2 -> 45977 | D6: =C6 -> 45977 | E6: CS/CDIM | F6: =IF(ISBLANK(D6),"In-Progress","Solved") -> Solved | G6: =IF(C6=D6,"Yes","No") -> Yes
A7: 6 | B7: Fraud Actual: Victim No: 01712420250 (General Profile) Fraudster's A/C 01816519170 Caller's No: 01950967404 , 01915201701 | C7: ='Email Tasks'!C3 -> 45977 | D7: =C7 -> 45977 | E7: CS/CDIM | F7: =IF(ISBLANK(D7),"In-Progress","Solved") -> Solved | G7: =IF(C7=D7,"Yes","No") -> Yes
A8: 7 | B8: Settlement Rate not generated in system portal | 20251116 | C8: ='Email Tasks'!C3 -> 45977 | D8: =C8 -> 45977 | E8: Revenue Assurance | F8: =IF(ISBLANK(D8),"In-Progress","Solved") -> Solved | G8: =IF(C8=D8,"Yes","No") -> Yes
A9: 8 | B9: Declaration Letter_01316389724 | C9: ='Email Tasks'!C4 -> 45977 | E9: Finance | F9: =IF(ISBLANK(D9),"In-Progress","Solved") -> In-Progress | G9: =IF(C9=D9,"Yes","No") -> No
A10: 9 | B10: DMS portal credentials resending request | C10: ='Email Tasks'!C5 -> 45977 | D10: =C10 -> 45977 | E10: CS/CDIM | F10: =IF(ISBLANK(D10),"In-Progress","Solved") -> Solved | G10: =IF(C10=D10,"Yes","No") -> Yes
A11: 10 | B11: Request for Review of Test Cases – MPGS Add Money Integration | C11: ='Email Tasks'!C6 -> 45977 | E11: Technology | F11: =IF(ISBLANK(D11),"In-Progress","Solved") -> In-Progress | G11: =IF(C11=D11,"Yes","No") -> No
A12: 11 | B12: Add money from Bank service - Data unavailable 13th, 14th & 15th Nov 2025 | C12: ='Email Tasks'!C7 -> 45977 | D12: =C12 -> 45977 | E12: Reconciliation | F12: =IF(ISBLANK(D12),"In-Progress","Solved") -> Solved | G12: =IF(C12=D12,"Yes","No") -> Yes

Sheet Nagad STC & NS TechOps
A1: =Summary!C3 -> Channel | H1: NS TechOpps
A2: SL. | B2: Issue | C2: Date | D2: Status | E2: Solved Within a Day | H2: Serial | I2: Issue Name | L2: Count
A3: 1 | B3: SMTAP Reverse Request | C3: 45977 | D3: Solved | E3: Yes | H3: 1 | I3: Resubmission Error | L3: 1
A4: 2 | B4: SMTAP Reverse Request | C4: =C3 -> 45977 | D4: Solved | E4: Yes | H4: 2 | I4: SMTAP Reverse Request | L4: 10
A5: 3 | B5: SMTAP Reverse Request | C5: =C4 -> 45977 | D5: Solved | E5: Yes | H5: 3 | I5: Profile Restricted Issue | L5: 0
A6: 4 | B6: SMTAP Reverse Request | C6: =C5 -> 45977 | D6: Solved | E6: Yes | H6: 4 | I6: Out Block | L6: 0
A7: 5 | B7: Resubmission Error | C7: =C6 -> 45977 | D7: Solved | E7: Yes | H7: 5 | I7: Profile Limit Issue | L7: 1
A8: 6 | B8: SMTAP Reverse Request | C8: =C7 -> 45977 | D8: Solved | E8: Yes | H8: 6 | I8: NID Untag Issue | L8: 0
A9: 7 | B9: SMTAP Reverse Request | C9: =C8 -> 45977 | D9: Solved | E9: Yes | H9: 7 | I9: Blank KYC Issue | L9: 0
A10: 8 | B10: PIN Set Issue | C10: =C9 -> 45977 | D10: Solved | E10: Yes | H10: 8 | I10: Mobile Recharge Issue | L10: 0
A11: 9 | B11: PIN Set Issue | C11: =C10 -> 45977 | D11: Solved | E11: Yes | H11: 9 | I11: PIN Set Issue | L11: 2
A12: 10 | B12: SMTAP Reverse Request | C12: =C11 -> 45977 | D12: Solved | E12: Yes | H12: 10 | I12: Profile Update Issue | L12: 0
A13: 11 | B13: SMTAP Reverse Request | C13: =C12 -> 45977 | D13: Solved | E13: Yes | H13: 11 | I13: OTP/SMS Issue | L13: 0
A14: 12 | B14: SMTAP Reverse Request | C14: =C13 -> 45977 | D14: Solved | E14: Yes | H14: 12 | I14: Others | L14: 1
A15: 13 | B15: Profile Limit Issue | C15: =C14 -> 45977 | D15: Solved | E15: Yes
A16: 14 | B16: Others | C16: =C15 -> 45977 | D16: Solved | E16: Yes
A17: 15 | B17: SMTAP Reverse Request | C17: =C16 -> 45977 | D17: Solved | E17: Yes
H18: TOTAL | L18: =SUM(L3:L14) -> 15
A38: 36
A39: 37
A40: 38
A41: 39
A42: 40
A43: 41
A44: 42
A45: 43
A46: 44
A47: 45
A48: 46
A49: 47
... A57: 55

Sheet Service Desk New Tickets
A1: Date | B1: ISSUE NO | C1: ISSUE TITLE | D1: Severity | E1: Status | F1: Remarks
A2: 45939 | B2: NAGAD-1784 | C2: Delayed App response issue - October 9, 2025 | D2: Major | E2: Waiting for support
A3: 45939 | B3: NAGAD-1783 | C3: Auto Lifting Failure for SBL – Landing for Manual Approval | D3: Major | E3: Waiting for support
